{"main":{"language":"en","lastHostname":"192.168.100.1","darkTheme":true,"useBinaryPrefix":true,"disableAutoComplete":false,"dashboardMode":"Default","bottomNavigation":true,"numericInputs":true,"iconMenu":false,"displayUnits":"mm","decimalPlaces":1,"settingsStorageLocal":false,"settingsSaveDelay":500,"cacheStorageLocal":true,"cacheSaveDelay":4000,"notifications":{"errorsPersistent":true,"timeout":5000},"webcam":{"url":"","updateInterval":5000,"liveUrl":"","useFix":false,"embedded":false,"rotation":0,"flip":"none"},"enabledPlugins":["Height Map"],"plugins":{}},"machine":{"ajaxRetries":2,"updateInterval":250,"extendedUpdateEvery":20,"fileTransferRetryThreshold":358400,"crcUploads":true,"ignoreFileTimestamps":false,"pingInterval":2000,"updateDelay":0,"babystepAmount":0.05,"displayedExtraTemperatures":[10,11],"displayedExtruders":[1,0],"displayedFans":[-1,0,1,2],"moveSteps":{"X":[100,50,10,1,0.1],"Y":[100,50,10,1,0.1],"Z":[50,25,5,0.5,0.05],"default":[100,50,10,1,0.1]},"moveFeedrate":6000,"toolChangeMacros":["free","pre","post"],"extruderAmounts":[100,50,20,10,5,1],"extruderFeedrates":[60,30,15,5,1],"temperatures":{"tool":{"active":[300,250,230,220,175],"standby":[210,180,160,140,0]},"bed":{"active":[100,80,70,60,0],"standby":[40,0]},"chamber":[]},"spindleRPM":[],"enabledPlugins":[],"plugins":{}}}